"id","listing_id","user_id","url"
22,35,3,"https://i.imgur.com/IEwZzCz.jpg"
23,36,3,"https://i.imgur.com/1sDeSsZ.png"
24,37,4,"https://i.imgur.com/6eKB7n3.png"
25,38,4,"https://i.imgur.com/swR6vb6.png"
26,39,4,"https://i.imgur.com/pfKBRYM.png"
27,40,4,"https://i.imgur.com/EREEo8A.png"
28,41,4,"https://i.imgur.com/vKnnPnT.png"
29,42,4,"https://i.imgur.com/EWVuIjQ.png"
30,43,4,"https://i.imgur.com/kGlHRSH.png"
31,44,4,"https://i.imgur.com/sJy9m2Z.png"
32,45,4,"https://i.imgur.com/A99GpKB.png"
1,1,1,"https://i.imgur.com/lajERHu.png"
33,46,4,"https://i.imgur.com/XJF2VlH.png"
34,47,4,"https://i.imgur.com/woe74Jh.png"
35,48,4,"https://i.imgur.com/3oN8dKP.png"
36,49,4,"https://i.imgur.com/GyLBs06.png"
37,50,4,"https://i.imgur.com/hZS2eSu.png"
38,51,4,"https://i.imgur.com/nS1yOtD.png"
39,52,4,"https://i.imgur.com/VEHldph.png"
40,53,4,"https://i.imgur.com/TwMKk3O.png"
41,54,4,"https://i.imgur.com/qsxrBAx.png"
42,55,4,"https://i.imgur.com/s1g0odB.png"
43,56,4,"https://i.imgur.com/nL71XZ3.png"
2,2,1,"https://i.imgur.com/M3yUuU6.png"
44,57,4,"https://i.imgur.com/P20xELz.png"
4,4,1,"https://i.imgur.com/VhfAiFq.png"
45,58,4,"https://i.imgur.com/xXyzDSW.png"
46,59,4,"https://i.imgur.com/OWAwYVG.png"
47,60,4,"https://i.imgur.com/c1fqVTk.png"
19,32,3,"https://i.imgur.com/ombDiq2.png"
48,61,4,"https://i.imgur.com/142HszA.png"
49,62,4,"https://i.imgur.com/BZl53OI.png"
50,63,4,"https://i.imgur.com/IEwZzCz.jpg"
51,64,4,"https://i.imgur.com/IEwZzCz.jpg"
3,3,3,"https://i.imgur.com/eEgXd21.png"
14,27,3,"https://52f4e29a8321344e30ae-0f55c9129972ac85d6b1f4e703468e6b.ssl.cf2.rackcdn.com/products/pictures/148505.jpg"
52,65,4,"https://i.imgur.com/LzzLGF2.png"
53,66,4,"https://i.imgur.com/gQGcn2F.png"
54,67,4,"https://i.imgur.com/s48wfOL.png"
55,68,4,"https://i.imgur.com/qLcN2Zf.png"
15,28,1,"https://m.media-amazon.com/images/I/41Caz89MjJL._AC_.jpg"
18,31,3,"https://i.imgur.com/JiYuomI.png"
